family	structure	dir	S1.start	S1.end	S1.seq	L1.start	L1.end	L1.seq	H1.start	H1.end	H1.seq	L2.start	L2.end	L2.seq	S2.start	S2.end	S2.seq	L3.start	L3.end	L3.seq	H2.start	H2.end	H2.seq	L4.start	L4.end	L4.seq	S3.start	S3.end	S3.seq	L5.start	L5.end	L5.seq	H3.start	H3.end	H3.seq	L6.start	L6.end	L6.seq	S4.start	S4.end	S4.seq	L7.start	L7.end	L7.seq	H4.start	H4.end	H4.seq	L8.start	L8.end	L8.seq	S5.start	S5.end	S5.seq
trp1	TrpRS-A_AF_Arch_Nitrosopumilus_maritimus_SCM1_gene5773245.pdb	../../class1/trp1	5	10	FLYTGR	11	17		18	34	IGHLVPWVFAKWLQEKF	35	36		37	42	NMYFQL	43	43		44	50	DDEKFFS	51	79		80	84	TKIII	85	119		120	134	LGMIFYTSLQSAPCF	135	139		140	145	VLIPLG	146	146		147	162	DQDPHFRLTRDIAPKI	163	167	M	168	172	ALIHN
trp1	TrpRS-A_AF_Arch_Natrialba_magadii_ATCC_43099_gene8824932.pdb	../../class1/trp1	290	292	AIV	293	303	TGRGPSG-PMH	304	320	LGHVLPLYLAKRFQQET	321	322	GA	323	328	TVYIPL	329	329	S	330	336	DDEKFLA	337	383	-----------KAQS-------FESIGEHTHE-NLRDVLAVGFDPER	384	388	TRIVV	389	426	DTADAD---VVYPIAVRLAKHLTPATVEAVYG--EQDT	427	452	VGLQFYPAVQATHLL---LPQL--VA	453	457	G-RQP	458	463	TLVPIA	464	463	IA	464	477	IDQDPHVRICRDVA	478	562	AKEAL---------------------------------------------------------------------------PVDKP	563	567	GALLG
trp1	TrpRS-A_AF_Arch_Sulfolobus_islandicus_M1627_gene7814138.pdb	../../class1/trp1	289	295	FFLYTGR	296	303	APSL-GMH	304	320	IGHLIPFIFTKWLQDKF	321	323	NVN	324	328	LYIEI	329	329	T	330	336	DDEKFMR	337	383	----------NPEYT-------LDQTRSWAYD-NILDIIAVGFNPDK	384	388	TFIFQ	389	426	DTEYIR--N-MYPIAVKIAKKLTFSEVRATFGLDVSSN	427	441	IGLIFYPALQIAPTM	442	456	-----------FEKK	457	463	RCLIPAG	464	463	IG	464	482	IDQDPYWRLQRDIAES--L	483	562	---------------------------------------------------------------------------GYYKA	563	567	AQIHS
trp1	TrpRS-A_AF_Arch_Thermoplasma_acidophilum_DSM_1728_gene1456706.pdb	../../class1/trp1	290	295	NVMTGL	296	303	MPSG-EMH	304	318	LGNKSAIDQVIFFQK	319	322	L-GG	323	328	RVSIAV	329	329	A	330	348	DLESYST-----------R	349	384	GIS-------LERAREVAIEKYILNYIAMGLEP--C	385	388	EIYF	389	426	QSRN-S---DVQFLAYMLGNRTNMSELRSLYGFTDTHD	427	444	LLHINAPLIQAADVLHTQ	445	457	M-KK-Y-G-GPAP	458	463	TVVPVG	464	463	FG	464	482	FDQDPHLRLMRDLAKR--M	483	562	RIFNIQLENDLVVSVRGKDDPKEYIDMAYEYLSSRYTNVKKDYEYRVVRADGVDQQDLVGIDLDLAHMETKYNDFAFIAP	563	567	SATYQ
trp1	TrpRS-A_AF_Euk_Cryptococcus_neoformans_var_neoformans_JEC21_gene3254069.pdb	../../class1/trp1	290	295	YLYTGR	296	303	GPSSDSMH	304	320	MGHLVPFMFTAYLQRVF	321	323	NVP	324	328	LVIQI	329	329	T	330	336	DDEKYLL	337	383	ERDAKKQQELMKKIKAKKPLDLLRYYKKMGQD-NIKDIIACGVIPEK	384	388	TFIFS	389	426	DLNTVS--GVFYENVNLISKTITLSQSRNIFGFSDSDN	427	440	VGMFHFAAVQATPS	441	457	F-CNSFPQIFGTRDDIP	458	463	ALIPCA	464	463	IA	464	482	IDQDPYFLLTRDSADR--L	483	562	---------------------------------------------------------------------------GYKKP	563	567	ALLHA
trp1	TrpRS-A_AF_Euk_Cyanidioschyzon_merolae_strain_10D_gene16993299.pdb	../../class1/trp1	290	295	YLYTGR	296	303	GPSSEALH	304	320	LGHLIPFIFTKYLQDAF	321	323	RVP	324	328	LVIQL	329	329	T	330	336	DDEKFLF	337	383	---------SKHDVSSHP----LESYIQLGRE-NSKDIIACGFDRER	384	388	TFLFA	389	426	DSDYIG---WLYPNVVRIQRAVSFSQVRGIFGFQHSDN	427	440	IGKIAFPAVQAAPA	441	457	F-SSSFPHLFPTKQQIP	458	463	CLIPCA	464	463	VA	464	482	VDQDPYFRMTRDVAPR--L	483	562	---------------------------------------------------------------------------GYRKP	563	567	ALIHS
trp1	TrpRS-A_AF_Euk_Drosophila_melanogaster_gene45399.pdb	../../class1/trp1	289	295	FYLYTGR	296	303	GPSSGSLH	304	320	VGHLVPFIMTKWLQETF	321	323	DVP	324	328	LVIQL	329	329	T	330	336	DDEKTLW	337	383	-----------KDLK-------VEDAIKLGRE-NAKDIVAIGFDVNK	384	388	TFIFN	389	426	NLEFVGKCPAMYQNIIRIQKCVTFNQVKGIFGFGDSDI	427	440	IGKIGFPAAQAAPA	441	456	I-SSTFPFIFGNR-KV	457	463	HCLIPCA	464	463	IA	464	482	IDQDPYFRMTRDVAPR--L	483	562	---------------------------------------------------------------------------GFPKC	563	567	ALIHS
trp1	TrpRS-A_AF_Euk_Saccharomyces_cerevisiae_S288C_gene854056.pdb	../../class1/trp1	290	295	FLYTGR	296	303	GPSSDSMH	304	320	LGHMIPFVFTKWLQEVF	321	323	DVP	324	328	LVIEL	329	329	T	330	336	DDEKFLF	337	383	----------KHKLT-------INDVKNFARE-NAKDIIAVGFDPKN	384	388	TFIFS	389	426	DLQYMG--GAFYETVVRVSRQITGSTAKAVFGFNDSDC	427	439	IGKFHFASIQIAT	440	457	AF-PSSFPNVLGLPDKTP	458	463	CLIPCA	464	463	IA	464	482	IDQDPYFRVCRDVADK--L	483	562	---------------------------------------------------------------------------KYSKP	563	567	ALLHS
trp1	TrpRS-A_PDB_Arch_P_hori_3JXE.pdb	../../class1/trp1	290	295	FLYTGR	296	303	GPSG-PMH	304	320	IGHIIPFFATKWLQEKF	321	322	GV	323	328	NLYIQI	329	329	T	330	336	DDEKFLF	337	383	----------KENLT-------FDDTKRWAYD-NILDIIAVGFDPDK	384	388	TFIFQ	389	426	NSEFT---K-IYEMAIPIAKKINFSMAKAVFGFTEQSK	427	441	IGMIFFPAIQIAPTF	442	457	----F-----E--RKR	458	463	CLIPAA	464	463	IA	464	482	IDQDPYWRLQRDFAES--L	483	562	---------------------------------------------------------------------------GYYKT	563	567	AALHS
trp1	TrpRS-A_PDB_Euk_S_Cerevisiae_3KT3.pdb	../../class1/trp1	290	295	FLYTGR	296	303	GPSSDSMH	304	320	LGHMIPFVFTKWLQEVF	321	323	DVP	324	328	LVIEL	329	329	T	330	336	DDEKFLF	337	383	----------KHKLT-------INDVKNFARE-NAKDIIAVGFDPKN	384	388	TFIFS	389	426	DLQYMG--GAFYETVVRVSRQITGSTAKAVFGFNDSDC	427	438	IGKFHFASIQIA	439	457	TAF-PSSFPNVLGLPDKTP	458	463	CLIPCA	464	463	IA	464	479	IDQDPYFRVCRDVADK	480	562	--L---------------------------------------------------------------------------KYSKP	563	567	ALLHS
