substrate	domain	phylum	species	accession	desc	start	end	complement	sequence	class	sampled
Aspartyl	Archaea	Thaumarchaeota	Candidatus_Nitrosopumilus_sediminis	NC_018656.1	aspartate--tRNA(Asn) ligase [Candidatus Nitrosopumilus sediminis]	1031408	1032694	FALSE	ATGGTTTTTGTAAAAACCCACGACATTTCGGAATTAAATGAGGAATTGATTGGAAAGCAAGTTGTGTTAGGGGGATGGATTGAAGATTTAAGAAAATTAGGAAAAATGTCATTTATCACATTGCGTGATGTTTCAGGTATTTCACAAGTAATTGTCAAAGGGGAATTAAATGACAATCTTGGAGAGATTAATCGCCAGAGTGTTGTAAGTATTAGAGGGATTGTACAAGAGACTAAAGCTAGAGATTTTGCATTTGAGGTAAAAGCAGAAGAAATTGAAGTGTTGGGAAAAGCAATTCATCCATTACCAGTAGATCCAATAGGAAGGGTGGAAAGCAACATCGATACAAGATTAAATCATCGTGCATTAGATATGAGAAATCAAAAAACGGCATCAATTTTCAAATTACGCCATCATGTTTTGCAATCACTTAGAAAAACTTTGGCCGAAAAAAAATTCATAGAAATTACTACACCAAAAATAATTGGTAGTGCCAGTGAAGGCGGTGCAGATTTATTTTCATTAGATTACTTTGGAAAGACAGCATATCTTGCTCAGAGTCCACAATTATACAAAGAACAGATGACAATTGGATTAGAAAGAGTATTTGAGATTTCAAATTTTTATAGAGCAGAAAATTCCCACACGGGAAGACACTTGACAGAATTTACCAGTATCGATATCGAAGCTGCATTTATGGACTATGAGGACGTCATGAATGTTTTAGAATCACTTGTACTTGCAGTATACAAAGATGTTTCAGAAAAATGTAAAAAAGAACAAGAGACAATTGAACATACAATAGAAGTTCCATCTTCACCATTTGAGAGAATAACATACACTCAATGTATAGAAGAACTGAAAAAAGAAGGTGAAAAAGTGGAATTTGGAGACGACTTGCTGGATTCTCATCTTAGAATTATAGGCAAAAACCATCCAGGATTTTACTTTTTAACAGACTGGCCAATGAAACTAAAACCGTTTTACATCAGAGAGAAAGATGAAGATGCAACACTTTCACGTTCATTTGATTTGCAATATGGATTTTTAGAATTATCATCAGGAGGAACAAGACTTCATAATCCCGAGATGTTAAAAGATAGATTGAAAGAGCAAGGATTAGATCCAACACAATTTGCAGATCATCTTAAAACATTTGACTGGGGAATGCCACCACATTCAGGATGGGGAATGGGCTTGGACAGATTGATGACCACACTTATCGGAATTGATAATGTTCGTGAAGTTGTATTATACCCAAGAGATCCGGATAGATTAAGCCCATAG	class2	TRUE
Aspartyl	Archaea	Crenarchaeota	Sulfolobus_acidocaldarius_DSM_639	NC_007181.1	aspartate--tRNA(Asn) ligase [Sulfolobus acidocaldarius DSM 639]	612003	613289	FALSE	ATGAAAGACTACTATATTAAAAATGTGACCCAAGATCTTGATGGAAAAGAAGTTACTTTAGCGGGTTGGGTGCATAATATAAGGGATTTAGGAGGCAAGAAATTTTTATTACTTAGAGATAAGACTGGCATAGGACAAATTGTAGTTGATAAATCAAGTCCCTCATTTCAAGAAATATCAGATATAAGTCAAGAAAGCGTAATAATGGTAAAAGGAGTTGTTAAAGCAGATAATAGAGCACCTAATGGTGTTGAAGTTCATGCTAAAGAGGTAAAAATCTTAAGCAAAGCTAAATCTCCTTTACCGTTAGATGTAAGTGGAAAAGTTAAAGCAGATATAGATACAAGGCTTAAGGAGAGAGTATTAGATCTCAGAAGGCAGGAAATGCAATCTATATTAAAAATACAAAATATTACTCTGAAATCGTTTAGAGAAACTTTATATAAAGAGGGTTTCGTGGAAGTATTTACACCGAAAATAATAGCCTCAGCCACGGAGGGTGGTGCTCAGCTCTTTTCTGTTATTTATTTTGGAGAGACTGCATTTTTAGCTCAAAGCCCACAGTTATACAAAGAGTTATTAGCTGGCGTAGTTGAAAAGGTGTTTGAGATTGCTCCTGCGTGGAGAGCTGAAGATTCAGATACACCATATCATTTAGCAGAGTTCATAAGTATGGATGTAGAAATGGCATTTGGAAATTATGAAGACGCAATGAAACTTCTAGAGAAACTAATTTATAACATAGTTAATTCTGTAAAAAATGAGGCTTCAGACGAATTGAAGATATTATCTCATAATTTGCCTGATGTAAAAATTCCTATAAAACGTCTCACATATAAGGATGCAATAGAAATACTACAAAGTAAGGGTTACAATATAAAATTTGGAGACGATATAGGAACACCTGAGTCCAGAGTGTTATATAACGAGTTAAAGGAAGACTTATACTTTATTACAGATTGGCCTACTCTGTCTAGACCGTTCTATACGAAGTCTAAAGATACCGATCCGAATGTAAGTGAAAGTTTTGATTTAATATACAGGTGGTTAGAGATAGCTTCAGGTAGCACCAGAAACCATAAGAGGGAAGTGCTAGAAGATTCCTTACGAAAGAGAGGATTAAAGCCTGAGAATTTTGAATTCTTCTTAAGATGGTTCGACTATGGTATGCCTCCCCACACAGGATTTGGAATGGGTTTTGCTAGACTTTTAGTGATGTTAACTGGAATTCATAACGTTAAAGAAATAGTACCATTCCCAAGAGATAAAAAGAGACTCGTACCTTAA	class2	TRUE
Aspartyl	Archaea	Euryarchaeota	Methanosalsum_zhilinae_DSM_4017	NC_015676.1	aspartate--tRNA(Asn) ligase [Methanosalsum zhilinae DSM 4017]	1206219	1207550	TRUE	ATGCTACTAAATGAACTCAGAACACATTACACAGATCAGATTAATCCAGACAATTTCGAAGGTAAAACAGTCACTATAGCTGGCTGGGTATATGAAGTAAGGGACCTTGGAGGTATTTGCTTTGTTGTTGTCCGTGACCGTGAAGGAAAAGCCCAGGTCACTCTAGTTAAGAAAAAAACTGATGTAGAACTGTTTAATGCAGCACGAAGACTTGTAAGAGAATCTGTCGTTTCTGTGACGGGTAATGTAAAGGCATCTGATAAGGCACCAAACGGCTTTGAAATTATACCTTCCAGGATAAATCTGCTAAATGAAGCTGATTCCCCACTTCCAATGGATACGACAGGCAAAGTTGAGGCAGAACTTGATACCAGACTTGATTCTAGATTTATCGATCTTAGGAAACCAGGAACAAATGCGATTTTCAGGATACGGCATGAAGTCCTAAAGAATGTAAGAAAATATCTCTCAGAGATCAACTTTATAGAAACTTCAACTCCAAAGGTAGTGGCAACTGCAACAGAAGGGGGAACTTCTCTTTTCCCTATAACATACTTTACAACGGAAGCTTTTTTGAATCAGAGTCCTCAGCTCTTCAAGCAGATATTGATGAGTGGCGGTATGGATCGGGTATTTGAAATCGGTCCAATTTTCAGGGCAGAGGAACATGACACAAGACGTCATCTGAATGAAGCTACGTCCATAGATATTGAATCTAGCTTCTGTGATCATTTTGATGTAATGGAAATTCTGGAAAACATGATATCAAATGTGTATTCCAGTGTAAAGCAGAACTCCCAAAAACAACTTGATGAACTGGGTATAGATCTGGAAATACCTGAAAAACCATTCTTAAAGCTCAAATACGAGGAAGCTATCGATATTGTAAATCAGAACAGTGAAGAAGATCTTGTTTGGGGCGATGATCTAGGTACTTCTGCAGAACATATCGTTGGAAATGATGTATTTGAAAGGACAGGACAGTCTCATTATTTCATTATTGACTGGCCTACAGAAATCAAACCATTTTATGCAATGCCTTATGAAAATAATCCGGAGATCAGTAAATCATTTGATCTTATGCATCGTACCATGGAGCTTGCATCTGGAGCTCAGCGAATACACCATCATACTATACTAAGGGAGAGAATCGAGTCTCAGGGACTAAATTCAGATAGCTTTGATTTTTATCTCGATGCCTTTAGATTTGGCATGCCTCCACATGCAGGGTGGGGCATTGGATGTGAAAGGTTGCTAATGACAATGCTGGGTGCAGAAAATATTCGTGATGTTGTACTGTTTCCCAGAGATAGGAGGAGACTATCACCCTGA	class2	TRUE
Aspartyl	Archaea	Candidatus Korarchaeota	Candidatus_Korarchaeum_cryptofilum_OPF8	NC_010482.1	aspartate--tRNA(Asn) ligase [Candidatus Korarchaeum cryptofilum OPF8]	1207923	1209200	FALSE	ATGGGTGAGGAAGATCTAGTGAGAGTTCATGGATGGGTAAGTGAGGTCAGAAACCTCGGAAAAGTGAGATTCATAGTTATAAGGAACTGGAATGAGAGGATTCAGATAACGCTGAAGAGAGGCATGGTTGAGGATAGCCTTTTCGATCTCACCGAAAATCTAACTCAAGAATCTGTGATAGAGGTCGTAGGGAAGGAGGTAAAGGAGAAGATAGCTGTCGGGGCGGATAGAGAGGTAATACCAGAGAGGATAATTGTGCACTCGCTCGCTAACCCTCAGCTACCGCTGGATCCCAACTGGAAGGTACCGGCCCAAGTCCCGACTAGATTCGATAATAGGCCATTGGACTTGAGGAGACCTGAAATCCAGGCGATATTCAAGATAGAGTCTTCCTTACTCGATGGGATGGAGGATTGGCTCAGAAGGAATGGTTTCATAAGGGTATTCACTCCAGCGCTCATAGGGGCGGCTAGTGAGAGCGGGGCCGAGGTATTTAAGGTCCTCTACTTCGATAAGGAGGCTTATCTAAGGCAAGACCCACAACTTCACAGACAATTAACGATCTTAGGAGGTTTTGAGAGAATTTATGACCTTGGAACAAACTGGAGAGCTGAATTAAGTAGAACCCCGAGGCATTTAAGTGAATTCAGATCTTTGGCGGTAGAATTGGCCTTCATAGAGAATGAACAGGATACCATGAGGGTAGAGGAGCAGATCATAAGGGAAGGAATTAAGAGAGTTGTCGAGGAGAGGTCTAAGGAACTGGAGCTCCTCAATGTGGATCTGGACGTCCCTAAGGTACCGTTTCCCGAGCTAAGGTTTCCAAAAATTTATGAAATTCTCGAAGAGTATGGGAAAATAATTGAATACGGAGAGGATTATGATACTGAAAGTGAGAGACTTCTTTGGCAATATGTGAGAGAAAATTATGAATCTGACTTCTTCTTCGTCAATCGCTTCCCCTTCAAGGTGAAGCCGTTCTACGTGATGAAAGAGGATGATACTTGGGCTAGAAGCGTGGATCTTCTTTATAAAGGGTTGGAACTGAGCTCCGGGGGTCAGAGAGAGCACAGATATGACGTCTTGATATCTCAGATAAGGGAAAAGGGTTTAGATCCTAGGAGCCTTGAATGGTTCACTAAGTTCTTCGCTTACGGGGCTCCACCACATGGTGGATTCGCGATAGGTATAGAGAGACTCCTAATGAAGATGCTGGAGCTGAGCAGCGTCAAGGAGGCCTCGCTGTTTCCCAGGGATCCAGATAGGATTCTGCCTTAA	class2	TRUE
Aspartyl	Bacteria	Proteobacteria	Pseudomonas_aeruginosa_PAO1	NC_002516.2	aspartate--tRNA ligase [Pseudomonas aeruginosa PAO1]	1048459	1050234	FALSE	ATGATGCGCAGCCACTATTGCGGCCAACTGAACGAGAGCCTGGACGGCCAGGAAGTCACCCTTTGCGGTTGGGTTCACCGCCGCCGCGACCATGGTGGAGTGATCTTCCTCGATGTGCGCGATCGCGAGGGGCTGGCCCAGGTGGTGTTCGATCCGGACCGTGCGGAAACCTTCGCCAAGGCCGACCGGGTGCGCAGCGAGTTCGTGGTGAAGATCACCGGCAAGGTGCGCCTGCGCCCTGAAGGCGCGCGCAACCCGAACATGGCGTCTGGCTCCATCGAGGTACTGGGCTACGAACTGGAAGTGCTGAACCAGGCCGAGACTCCGCCGTTCCCGTTGGATGAATATTCCGATGTGGGCGAGGAAACGCGCCTGCGCTACCGCTTCATCGACCTGCGTCGTCCGGAGATGGCCGCCAAGCTGAAGCTGCGTGCGCGCATCACCAGCAGCATTCGCCGCTACCTGGACGACAACGGCTTCCTCGACGTCGAGACCCCGATCCTCGGCCGGCCGACGCCGGAAGGCGCGCGCGATTACCTGGTGCCGAGCCGTACCTACCCGGGCCACTTCTTCGCCCTGCCGCAGTCGCCACAGCTGTTCAAGCAACTGCTGATGGTCGCCGGCTTCGATCGCTACTACCAGATCGCCAAGTGCTTCCGTGACGAGGACCTGCGTGCCGACCGCCAGCCGGAATTCACCCAGATCGACATCGAGACCAGCTTCCTCGACGAGAGCGACATCATCGGCATCACCGAGAAGATGGTGCGCCAGCTGTTCAAGGAAGTGCTGGATGTCGAGTTCGACGAGTTCCCGCACATGCCGTTCGAAGAGGCCATGCGCCGCTACGGTTCGGACAAGCCCGACCTGCGCATCCCGCTGGAGTTGGTGGACGTCGCCGACCAGTTGAAGGAAGTGGAGTTCAAGGTCTTCTCCGGTCCGGCCAACGATCCGAAGGGGCGTGTCGCCGCCCTGCGTGTACCGGGCGCCGCCTCCATGCCGCGCAGCCAGATCGACGACTACACCAAGTTCGTCGGCATCTATGGTGCCAAGGGCCTGGCCTACATCAAGGTCAACGAGCGCGCCAAGGGCGTGGAAGGCCTGCAGTCGCCGATCGTGAAGTTCATCCCCGAGGCCAACCTGAACGTGATCCTCGATCGCGTTGGCGCGGTCGACGGCGACATCGTGTTCTTTGGCGCCGACAAGGCCAAGATCGTTTGCGATGCCCTGGGCGCGCTGCGTATCAAGGTCGGCCATGACCTCAAGCTGCTCACCCGGGAGTGGGCGCCCATGTGGGTCGTGGACTTCCCGATGTTCGAGGAGAACGACGACGGCTCGCTGTCCGCGCTGCACCACCCGTTCACCTCGCCCAAGTGCACCCCGGCTGAGCTTGAGGCCAATCCGGGCGCGGCACTTTCCCGCGCCTACGACATGGTGCTCAACGGTACCGAGCTGGGTGGCGGTTCCATCCGTATCCATGACAAGTCCATGCAGCAGGCGGTGTTCCGTGTGCTGGGCATCGACGAGGCGGAACAGGAAGAGAAATTCGGCTTCCTGCTCGACGCGCTCAAGTACGGTGCGCCGCCGCATGGCGGCCTGGCCTTCGGCCTGGATCGCCTGGTCATGCTGATGACCGGTGCATCGTCTATCCGCGAAGTGATCGCCTTCCCGAAGACCCAGAGCGCTGGCGACGTCATGACCCAGGCACCGGGTTCCGTGGACGGCAAGGCCCTGCGCGAGCTGCACATTCGCCTGCGCGAGCAGCCGAAGGCCGAGTGA	class2	TRUE
Aspartyl	Bacteria	Chlamydiae	Chlamydia_muridarum_str._Nigg	NC_002620.2	aspartate--tRNA ligase [Chlamydia muridarum str. Nigg]	959949	961697	TRUE	ATGAAGTACAGAACGCATAAATGTAATGAGTTGTCCCTTAATCATGTTGGGGAACATGTTCGTTTGTCTGGGTGGGTGCATCGTTACCGTAACCATGGTGGAGTTGTTTTTATTGATTTGAGAGACCGATTTGGGATTACACAGATCGTCTGTCGTCAGGAAGAGAACCCAGAACTTCATCGGCTTATGGATCAAGTCCGGTCTGAATGGGTGCTTTGTGTAGAAGGTCTTGTTTGCGCTCGTTTAGGAGGAATGGAAAATCCCAATTTGGTTACAGGAAGTATTGAAGTTGAGGTTTCTCATTTAGAGGTGTTGTCTCGAGCTCAAAATTTGCCATTTTCCATTTCTGATGAGCATATTAATGTAAATGAAGAGCTACGATTGACTTATCGCTATCTTGATATGCGGCGAGGGGATATTGTGGACAGATTGATGTGTCGGCATAAAGTTATGTTGGCTTGCAGACAATATCTAGATGAACAAGGTTTTACTGAGGTTGTTACCCCTGTTTTAGGGAAATCTACTCCTGAAGGAGCTCGGGATTACTTAGTGCCTTCGCGGATATATCCAGGGAATTTCTATGCTCTTCCACAATCTCCACAGCTATTTAAACAGATTTTGATGGTTGGAGGGTTAGATCGTTATTTCCAGATAGCAACTTGTTTCCGTGATGAAGATTTACGTGCGGATCGTCAACCTGAGTTTTCGCAAATTGATATGGAAATGAGCTTTGGAGGACCGGAAGATCTCTTTCCAATAGTAGAGGAATTGGTCACGCGTTTATTTGCTGTGAAAGGGATTGAGTTATCCATTCCTTTCCAAAGAATGACGTATCAAGAAGCAAAAGAGTTTTACGGGACAGATAAACCAGATTTACGCTTTGGTTTGCGTCTTAAAAATTGTTGCGAATACGCCAAAAAATTCTCCTTTTCCATTTTCTTAGATCAGTTGGCACAAGGAGGAACAGTTAAAGGATTTTGTGTCCCTGGTGGCGCTGATATCTCAAGAAAACAGTTGGATGTCTATACTGATTTTGTGAAGCGTTATGGAGCCATGGGATTAGTGTGGATTAAAAACCAGGATGGGGGGATTTCTTCGAATGTAGCGAAATTTGCTTCAGAAGAGGTTTTCCATGAAATGTTCGAAGCTTTTGAGGCCAAAGATCAAGATATTTTATTATTGATAGCAGCTCCAGAGGCTATTGCGAACCAGTCATTGGATCATTTACGCAGATTAATCGCAAAAGAGCGGCAGCTTTATGATGCAGAACAATACAATTTTGTGTGGATTACAGACTTCCCTCTTTTTGCTAAGGAAGAAGGCGAGCTGTGCTCAGAGCATCATCCATTCACAGCTCCATTAGAAGAGGATATTCCTCTGTTGGATAAGGATCCTCTGTCCGTTCGCTCATCAAGCTATGATTTGGTGCTGAATGGATATGAAATAGCTTCCGGTTCTCAGCGTATACATAATCCGGATTTGCAAAATAAAATATTTTCTTTATTAAGGCTGTCGCAAGAAAGTGTGAAAGAAAAGTTCGGATTTTTTATCGATGCATTAAGTTTTGGGACGCCGCCTCATTTAGGGATTGCTTTAGGATTGGACCGCATTATGATGGTTCTTACAGGGGCAGAAACTATTCGAGAGGTTATTGCGTTTCCTAAGACGCAGAAAGCTGGAGATTTAATGATGTCGGCACCTTCAGAAATTTTGCCGATACAATTAAAAGAATTGGGGCTGAAACTGTAA	class2	TRUE
Aspartyl	Bacteria	Cyanobacteria	Prochlorococcus_marinus_subsp._marinus_str._CCMP1375	NC_005042.1	aspartate--tRNA ligase [Prochlorococcus marinus subsp. marinus str. CCMP1375]	1709479	1711296	FALSE	ATGCGCAGTAACTACTGTGGAGAACTGCGCAAAAAGCACATTAACTCCAATGTCCAATTATGTGGCTGGGTAGATCGACGAAGAGATCACGGTGGTGTGATTTTTATCGATCTAAGAGACCGCACTGGAACAATTCAAATCACAATTGACCCTGATCAAGGATCAGAACTATTTACTGTTGCAGAAAATCTTAGAAATGAGACTGTTGTGCAAATTTCAGGAACAATTAGGGCTAGGCCTTCAGAATCATGTAATCAAAAATTAAAAACTGGCGAAATAGAAGTATTAGCAAACCATCTAGAAGTCTTAAATCAAATACAAGGGAACTTACCCTTTTCTATTTCTGTTCACGATGATGAACCAATCAAAGAAGAATTAAGACTTCGTCATCGTTATTTAGATCTAAGAAAAGATCGCATGACAAAAAACCTTCGATTGCGTCATGAAGTTTTGAAAACAGCCAGAAATTTTCTTGAGCAAGAAAATTTTCTGGAAGTAGAGACTCCAATCCTAACTAGATCTACCCCTGAAGGAGCGAGAGATTATTTAGTCCCTTCAAGAGTATGTGAAGGGGACTGGTTCGCTTTGCCTCAATCCCCACAACTCTTCAAGCAATTATTAATGGTCGGAGGAATAGAGCGCTATTACCAAATAGCTAGATGTTTTCGTGATGAAGACCTGCGTTCAGATAGACAACCGGAGTTCACTCAACTGGATATCGAAATGAGTTTTATGAGCCAAGAAGAAATTTTAGGATTAACCGAAAAATTAATCTCATCAATATGGAAATCCGTCAAAGGCGTAGACCTTGTCCACCCTTTTCCTCGATTAACTTGGCAAGAATCAATGGATCGATTTGGCACTGATAGGCCAGATACCCGTTATGGGATGGAACTCAAAAATGTCAGTCAAATTCTTAAAGGAATAGGTTTTAAAGTTTTTTCAGGTGCTATTGATGCAGGTGGTTCGGTCAAATGCATTACTATCACAGGAGGTAACCAGCTAATAAGCAATGTAAGAATTAAGCCAGGAGGAGATATTTTTAGCGAAGCGGAAAAAGCAGGTGCCAAAGGACTCGCCTTTATAAGAGTTCGTGGCAATGGTGAGATAGATACTATAGGCGCAATAAAAGACAATTTAAATATCGCGCAAAAAGAAGAACTCCTCAAACAAACCAATGCAAATGAAGGAGATCTAATTCTTTTTGCAGCTGGCGATACAACAACGGTTAATAAAACCCTCGCTCGCTTAAGACAATTTCTTGCCAAAGATTTAGACCTGATTCCATTCAAACTGAACAATGAACAATGGAATTTTCTTTGGGTAGTTGATTTCCCTATGTTTGAATTTAACTCAGATGAAAACCGCCTGGAAGCTCTTCACCATCCGTTCTGTGCTCCCAATCAAAGCGACCTAGGTCAAAGACGATTATGGGAAACAAATCTTCCTACAGCCCGTGCCCAGGCTTACGACTTAGTATTAAATGGTCTAGAGCTTGGCGGAGGATCTTTACGCATTCATAATCCTGATCTTCAGCTGACAGTTCTAAAAACTATCGGGCTTCCTTTACAAGAAGCAAAAAAAGAATTTGGCTTTCTGCTCGAAGCTCTAGAAATGGGAGCACCTCCACATGGAGGCCTGGCATTTGGGTTAGACAGAATAGTCATGCTATTAGCTGGCGAAGAATCCATCAGAGACACAATTGCTTTTCCTAAAACCCAACAAGCTAAATGCTTATTAACAGAAGCACCTGCAGAAGTATCAAAGAAACAATTAAAAGAGCTTCATATAACAAGCACCTTCATAAAAAATGAATAG	class2	TRUE
Aspartyl	Bacteria	Fusobacteria	Streptobacillus_moniliformis_DSM_12112	NC_013515.1	aspartate--tRNA ligase [Streptobacillus moniliformis DSM 12112]	1174624	1176387	TRUE	ATGTATAGAAGCCATAAGTTAAATGAATTAAGAATAGAAAATGTTAATGAAAATGTAATTTTAGCTGGTTGGATTGATAAAGTAAGAGATTTAGGGCATTTTGCATTTATAGATTTAAGAGATAGATATGGTATTACACAAATATTAATTAATGAAAATTCACCTTCTAATTTACAAGAATTAGTAAAAAAACTTAAAAATGAATTTGTAATACAAGTAAAAGGTAAAGTGGTTGAAAGAAGTTCAAAAAATCCTAATATTGAAACAGGAGATATAGAAGTATTAGCTGGGGAATTAACTATACTTTCTCATTCTAAACAATTACCTTTTGAATTATCAGAAACTAATGTAAATGAAAATTTAAGATTAACATATAGATATTTAGATATTAGAAGAAGAAAAATGTTAGAAAATATTAAAAAGAGAAATGACATGCTATTTTCTATTAGAGAATTTATGAATAAAGAGGGATTTTTAGATATAGATACCCCTATATTAGGTAAGGCTACACCAGAGGGAGCTCGTGATTTCATAGTTCCAAGTAGAGTACAAAAAGGAGAATTTTATGCATTGCCTCAATCTCCTCAATTATTTAAACAAACATTAATGGTAGCAGGTATAGATAAATATTATCAAATTGCTAAATGTTTTAGAGATGAGGATTTAAGAGCAGATAGACAACCTGAATTTACACAACTTGACTTAGAAATGTCATTTATACATCAAGAAGATATATTAAACCTAGTTGAAAGATTAGCTAAAAAAGTGTTTATAGATGTTACTGGTGAAGTTGAAGATAAGCCATTTGAAAGAATTAGCTATGATTATGCTATGAATAATTATGGTTCAGATAAACCAGATTTAAGATTTGATATGAAAATACAAGATATTTCAAATATTGTAAATGGAAAAGGATTTTCAGTATTTGATGATGCAATATCAAATGGTGGTAGTGTAAGAGCTATAGTAAGTGAAGATAAAGATTTTTCAAGAAAAAGAATTAAAGATTTAGAAGATTTTGTTAAAGTGTACTATAAAGCGAAAGGACTTGCATACATTAAAAAACTTGAAGATGGAAGTATAAGCTCACCTATATCTAAGTTTTTTGATGAAGAAACAATTAATTCTTTAATTCAAAGATTAGATTTAAAAAATAATGAGATAGTATTTATACTTGCAGATAAAAATAAGGCAGTATTAGACGGACTTGGGGCTTTAAGACTAAAACTTGGAGAAGAGTTAGGATTAATAGATAAAGATAAATTTAAATTTGTTTGGGTATTAGATTTCCCTATGTTTGAATATTCAGAAGAGGAAGGAAGATATCAAGCAGCACATCATCCTTTTACTTCAATTAAAAAAGATCATATTAAATATTTAGATACTAAAGAATATGATAAAATATTATCAGAATCATATGATTTAGTATTAAATGGATATGAAATTGGGGGAGGATCTATTAGAATACATGATTCTAGTTTACAATCTAAGGTATTTGATGAATTAGGACTTTCTAAAGAAGAACAATTAGATAAGTTTGGATTTTTCTTAGAAACATTAAGTTATGGAGTACCACCACATGGTGGACTTGCTTTTGGACTTGATAGATGGTTAATGGCAATGTTAAAAGAAAATTCTATAAAGGAAGTAATACCTTTTCCTAAGACTAATAAAGGTCAAGACTTATTAACTGGAGCCCCTGCAGATGTAGATTATAATCAACTTGAAAATGATTTAAAGCTTAAAAAGATATGTATAGAATAA	class2	TRUE
Aspartyl	Bacteria	Bacteroidota	Porphyromonas_gingivalis_ATCC_33277	NC_010729.1	aspartate--tRNA ligase [Porphyromonas gingivalis ATCC 33277]	285607	287370	TRUE	ATGTACAGAACAAATACCTGTGGCGAGTTGCGCCTTTCTCATCTGCAACAAACCGTTACCCTCTGCGGTTGGGTACAGCGCGTGCGCCGCATGGGCGGCATGACCTTTGTAGATCTGCGCGACCGTTACGGTACTACGCAGTTGGTTTTCAACCGTGATTCGGCACCTGCCGAACTATGCGACCGCGCCGAAGACTTGGGACGTGAGTGGGTGATCCGTGCCACGGGCACCGTCATGGAGCGCTCCAGCAAAAACCCGAATATCCCCACCGGCGATATAGAGATAGCAGTCGGAGAAATGGATGTGCTGAACCGCTCCGAAGTGCCGCCTTTCACCATCGAAGACGAGACCGACGGAGGCGATGACCTCCGCATGAAATATCGCTACCTCGACCTGCGCCGCCACTGCGTGCGCTCCAATATGGAACTGCGCCACCGGATGGCTCTGGAGGTGAGGAAGTATCTCGACGGCGAGGGATTCCTCGAAGTAGAGACCCCCATGCTGATCAAGTCCACGCCGGAGGGTGCCCGCGACTTTGTCGTACCCTCTCGGATGAATCCCGGCCAGTTCTACGCTCTCCCCCAGTCGCCTCAGACCTTCAAGCAGCTACTGATGGTAAGCGGCTTCGATCGCTATTTCCAGATCGTGAAGTGCTTCCGCGACGAAGACCTCCGCGCCGACCGCCAGCCTGAGTTTACACAGATCGACTGCGAAATGAGCTTCGTGGAGCAAGAGGATGTGCTGTCCACCTTCGAGGGTATGGCCAAGCACCTCTTCCGTACCATCCGTCACGTGGAGATTTCGGAAGCCTTCCCCCGTATGACGTGGCACGACGCCATGAAGTACTACGGATCGGACAAGCCCGATACGCGCTTCGATATGCGTTTCGTAGAACTGATGGATGTGCTGAAAGGCCACGACTTCAGCGTATTTGACTCCGCAGCTTACATCGGAGGTATCTGTGCCAAGGGAGCTGGCTCTTACACCCGCAAGCAGCTTGATGCACTGACGGACTTCGTGAAGCGTCCGCAGGTAGGAGCCAAAGGGATGGTATACGCCCGTGTGGAATCGGACGGCAGCGTCAAGAGCAGCGTGGACAAATTCTACACACAAGAGACGCTCCAAGAGCTTCGCCGGACGATGGAGGCAGAGCCGGGCGACCTGATTCTGATCCTCAGCGGAGACGACCTCATGAAGACGCGCAAGCAACTGTGCGAACTTCGCCTCGAAGTGGGTTCTCAGCTCGGTCTGCGCGACAAGAATAAATTCTCCTGCCTCTGGGTCGTGGACTTCCCCCTCTTCGAATGGGACGAGGAAACGAAGCGATTCTACGCCATGCACCACCCCTTCACCAGTCCGAAGCCGGAGGACATCCCTCTGCTCGATACCGATCCGGGTGCTGTGCGTGCCAATGCCTACGATATGGTGATCAACGGTGTCGAAGTCGGAGGTGGTTCCATTCGTATTCACGACAGTGCCCTGCAGCAGAAAATGTTCGAGTTGCTCGGCTTTACGCCGGAGAAAGCACAGGAGCAGTTCGGCTTCCTGATGAATGCTTTCAAGTATGGGGCACCTCCTCACGGCGGATTGGCTTACGGCTTAGACCGCTGGGTATCGCTCTTCGCCGGTTTGGACAGCATCCGCGACTGCATCGCCTTCCCGAAGAACAATGCCGGTCGGGATGTCATGATCGACGCCCCCTCTGTCATTGATGAGGCACAGCTCCAAGAGCTGTTCTTGGAACTGATACCGAATGAGAACTAA	class2	TRUE
Aspartyl	Bacteria	Spirochaetes	Brachyspira_pilosicoli_95/1000	NC_014330.1	aspartate--tRNA ligase [Brachyspira pilosicoli 95/1000]	1580980	1582743	TRUE	ATGCGTTTTAAAAGTGCCTATAATGGAATTTTAACAAAAAATGATATTGGTAAAGAAGTTAAATTAGCTGGTTGGGTCTTAAGAAGAAGAGACCATGGCGGAGTAATATTTGTAGATTTAAGAGATAGAACAGGTTTTGTACAAATAGTATTCAATCCTGAGATAAGCAAAGAAGCACATAATAACGCTCAAGATTTAAGAAGCGAATATGTTATAAGTGTTGAAGGTAAAGTAAGAGCAAGAAGCGAAGAGATGATTAACCCTAAAATTCCTACTGGTGAAATAGAAGTTATGGTTGAAAAAATGGAGCTTCTTAATACTTCTGAAACTCCTCCTTTCTTACTTGAAGATGATATTGATACTGGTGAAGATATAAGATTAAAATACAGATATTTAGACTTAAGAAGAACTAAAGTATTTAACAACCTATATAAAAGATTTGAAATTACTAATGCTTTTAGAAAACATTTAGCTGACAATGGTTTTATAGATGTTGAAACTCCTATATTAAACAAAAGTACTCCTGAAGGTGCTAGAGACTTCCTTGTTCCTTCAAGATTAAATGCTGGAGATTTTTACGCATTGCCTCAGTCTCCTCAAATATTCAAGCAAATACTTATGATTGGCGGTTTTGAGAGATATTATCAAGTTGCTAAATGTTTCCGCGATGAGGACTTAAGAGCTGACAGACAGCCTGAGTTTACTCAAGTTGATATTGAAACTTCTTTCCTTAATACTGATGAGTTTTTATCTATTATGGAGAAAGTTGTTTCTAATATAGTTAAAGATGTTTATAATATAGATTTAAAAACTCCATTCCCTAGATTAAATTATTATGATGCTATGGAGATGTATGGAAGCGATAAGCCTGATACTAGATTTGAATTAAAACTTATTAATGTTGAAGAGGCTGTTAGAGGCTGTGATTTTGCAGTATTCAAAAATGCATTAGATAACAAATTTATAATAAGATGTTTGAATGCTAAAGGCGGAGTTGATAAATTAAGCAGAAAAGATATTGATGACTTTACTAAATATGTTGGTATATTTGGTGCTAAAGGTCTTGCTTGGATGAGAGTTACTGAAAACGGACTTGAATCTAACATTGTTAAATTCTTCTCTGAGGAAAATCAAAAGAAAATATTAGAAGTTACAAAAGCAGAGAAAGGCGATTTACTATTCTTTGTTGCTGATACTCCAAAAGTTACATTTGATGCTTTAGGTAATTTAAGATTAAGAGTTGCTGAGAAGTTAAACTTAATAGATAAAGACAAATTAAACTTCTTGTGGGTAGTAGAGTTTCCATTATTTGAATATGACCACAAAGAAAAGAGAATATCAGCTACTCACCACCCATTTACTGCTCCTGTACCTGAAGACGTTGCTATACTTGAAAGCGAGCCTCTAAAAGTAAGAAGTGATACTTATGACTTAGTATTAAACGGTAACGAAATAGGCGGAGGCGGTCAGCGTATATATGACAGCAAAGTACAAGCTACTATATTCAAACTTTTAGGCATAGATGAAGAGAAAGCTAAAATAAGATTTGGTTTCTTACTTGATGCTTTAAAATATGGTGCTCCTCCTATGTGCGGTATGGCTTTTGGTATAGACAGAGTTATAATGTTATTACAAAAACAAGACAGCATAAGAGAAGTTATAGCATTCCCTAAAACTCAGAAGGGACAATGTTTGATGAGCAGCTGTCCTTCTACTGTTGATGCCGACCAATTAGAAGAGCTTCATTTGAGCATAGAAGAATAA	class2	TRUE
Aspartyl	Bacteria	Actinobacteria	Cutibacterium_avidum_44067	NC_021064.1	aspartate--tRNA ligase [Cutibacterium avidum 44067]	1121190	1123013	TRUE	GTGCTGCGAACCCATGACGCCGGAAGCCTGCGAGCCAGCGACATCGGCAAGGAGGTGACTCTCGCCGGATGGGTCGGGCACCGACGCGACCATGGCGGCGTCGCCTTCATTGATCTTCGCGACGCATCCGGTCTGGCCCAGGTCGTCATCCGTGACGAGATTCTGGAGTCCTCCGGCGCCCATGATCTGCGCAACGAGTACTGCATCAAGGTGACTGGTGTCGTCGAGGCTCGTCCGGAGGGCAACGCCAACCCGAACCTTCCCACCGGCGAGATCGAGGTCGCCATCTCCGAGCTCGAGGTTCTCAACCCCTCGGCCCCGCTGCCCTTCCAGATCGACGAGCACGTCACCGTCGGTGAGGACGCCCGTCTCAAGTACCGCTACCTGGACCTGCGGCGTCCACGTCAGCATGAGGCCCTGGTGCTGCGCTCCAAGGTAACCCACGCCATTCGTGAGGTTCTCGACCGCCACAACTTCTATGACATCGAGACCCCGACCCTGACCCGTTCCACTCCTGAGGGTGCCCGTGACTTCCTGGTGCCGGCTCGTCTTGCCCCCGGGTGCTGGTACGCCCTGCCGCAGAGCCCCCAGCTGTTCAAGCAGCTGCTCATGGTGTCGGGCATGGAGCGCTACTACCAGATCGCACGTTGCTACCGCGACGAGGACTTCCGAGCTGACCGTCAGCCCGAGTTCACCCAGCTCGACGTCGAGATGAGCTTCGTCGACCAGGATGACGTCATCGCCCTGGCGGAGGAGACCATGGCGGCCTGCTGGAAGATCATCGGCGTCGACATGCCGACCCCGCTGCCGCGCATCACCTGGCACGAGGCCATGGACCGTTACGGCTCCGACAAGCCTGATCTTCGTTTCGGCAACGAGATCACCGAGGTCACTGATTTCTTCGCCAACACCCCGTTCCGCGTCTTCCAGGCTCCCTACGTGGGCGCCGTCGTCATGCCTGGTGGAGCCTCGCTGCCGCGTCGCCAGTTCGACGCTTGGCAGGAGTGGGCTCGTACCCGAGGCGCTAAGGGCCTGGCCTACATCACCATCTCCGACGAGGGTGTGCCTGGCGGTCCGGTCGCCAAGAACATCTCGGAGGAGGAGAAGGCCGGTATCGCCGAGAAGGTCGGTGCCAAGTCCGGTGACGCCATCTTCTTCGCCGCTGGACCGAAGACCTCCTCCCAGGAGCTGCTCGGTGCGGCCCGTCTGGAGATCGGCCGTCGTTGTGAACTCTTCGATCCCTCCGACTGGGCCTTCTGCTGGGTGGTCGACGCCCCGCTGTTCAAGCCGACCAAGGAGGCCGAGGCCTCTGGCGACGTCGCGGTCGGTGGCGGTGCCTGGACTGCTGTCCACCACGCCTTCACCAGCCCGACCCCTGAGTGCATGGACACCTTCGACACCGATCCGGGTTCGGCCCTCGCCTATGCCTACGACTTCGTCGTCAATGGCAATGAGGTCGGCGGCGGATCCATCCGTATCCATCGTCGTGATGTCCAGGAGCGCGTCTTCAACGTCATGGGCATTGGTCCGGAGGAAGCCCAGGAAAAGTTCGGCTTCCTCCTTGACGCCTTCAAGTTCGGTGCTCCGCCGCATGGTGGCATCGCCTTCGGCCTGGACCGTCTGGTCATGCTGCTCGGCAGCTTCGAGACCATCCGGGACGTCATCGCCTTCCCGAAGACCGGCAACGGCTATGACCCGTTGACGGCCGCTCCGGCTCCCATCACCCCGGCTCAGCGTCGTGAGGCTGGGGTGGACGCCAAACCGAAGAAGAAGGCCGAGTCCCCCGAGGGGCAGAGGGACGACGCAGAGAAGTCCAGGAAGTGA	class2	TRUE
Aspartyl	Bacteria	Firmicutes	Clostridium_acetobutylicum_DSM_1731	NC_015687.1	aspartate--tRNA(Asn) ligase [Clostridium acetobutylicum DSM 1731]	3764637	3765914	TRUE	ATGGAAAGATGCTTAGTAAATGAAACTGAAAAAAAATTAGAAGAAGTAGTTAAGCTTCAAGGGTGGGTGCACAAGCTAAGAAAGCTAGGGAAAATAGCGTTCGTATTATTAAGGGATAGAACAGGAATAATTCAATGTGTTGTGGATGCAAAGAAAATAGATGTTAAAGAACTTAAATTAGAAAGTGTAGTAGAGATAGAGGGTATCGTTAAAGAGAATGAGGGTAGGTTTGAGATTCAAGTAAATAGCATTAAAACATTATCAAAAGCTTTAGAGAAGATTCCAATTGAAATAAATAAGGAGGATATGGAATTAAATATAGATACTCTTATAGAAAATAGAATTCTCAGTATGAGAAACAGCAGAGTAAACTCTGTATTTAAAATAGAAACAGAAATAGCACATGGTTTTTCTGAGTTTTTAGTTAAAAATGGTTTTACTGAAATATACACTCCTAAGATAGTTTCTGAAGGAGCAGAAGGTGGAACTGAATTATTTAAACTTAAGTATTTTGATAAGGAGGCATATCTCGCTCAAAGTCCACAATTTTATAAACAGATGATGGTGGCAGCCGGTTATGAAAGGGTTTTTGAAATAGGTCATGTATATAGAGCTGAAAGTCATGATACTAAAAGACATTTGAATGAATATATAAGCATGGACTTAGAGATGGGATTTATAAATGATGAAATGGATTTAATAAGGTTCGAGATTGAGCTTTTAAAATATATTTTTCAAAATGTAAGGCAAAAGTGTAGTAAGAGCATTGAGCTTTTAAAGGTGGAAATACCTACAATACAAGAAGTACCAATAATGCCTCTTAATGAAGCTATCACTATATTGAGAGAAGTGTACAATAAGAAGGAGCTTACTACAGATATAGATCATGAAGGGGAAGAGCTTATCGGAAGATTTGTAAAAGAAAAATATAATTCTGACTTTGTATTTTTAACACACTATTCAAAAGATAAGAGACCTATGTATACAATGCCATGTGGAAAAAATTTAACTCACAGCTTTGACTTGATTTTTAGAGGTATGGAGATTACAACCGGTGGACAGAGAATAAATGATTATGATATGTTAAGACAAAGCATGCTTGATAAGGGACTTAAAGTAGAAAGTTTTAAAAGTTATCTTGATGTATTTAAGTTTGGAATGCCACCTCATGGTGGGCTTGCCATTGGACTTGAAAGGATAACGATCAAACTGTTAAACTTAGATAATATAAGAGAAGCTGCTTTCTTTGTAAGAGATAAAAAGAGAATTTTGCCGTAG	class2	TRUE
Aspartyl	Eukaryota	Evosea	Dictyostelium_discoideum_AX4	NC_007087.3	aspartate-tRNA ligase [Dictyostelium discoideum AX4]	4321908	4323986	TRUE	ATGAATCGAGTAATATTAAAAGATTCTAAAATATTTTTAAATGTTTTAAATAAACCAATAATTAAAAACAAAAATTGTTTATCATTATTAAATATCACAACTTCATCAACCACATCGATAATAAAAAATCAACAAATTAATCAATTTAATAAAAGAAATTTTACAAATACCATAAATAATAATAAAAATGAAAATATAAATAATAAAATTTTAAATATTATTGAAAGAAGTCATTCATGTGGTGAAATTACAAGTAAAGATATTGGTAAAGAAGTTATAATTTATGGTTGGATTAATTCATTAAGAAATTTAGGAGATAACGTATTTTTAGTGATTAGAGATGGACATGGTAAAGTTCAATGTTATGTTGATTTAAAACAACAATGTATATTAAAATCAAGTGTTCCAAATATTGATATAAATGAGCGTAATAGTATTGAAGAGAATATTAAACTTTTTAAATTAGAATCAATTGTTTCAATTAAAGGTAAAGTTATAGCAAGACCAGAACGTATGGTAAATAAGAATATGTCAACTGGTGAAATTGAAATTTCAGTTGACCAATTACAATTGTTGAATAATTGTGTGGATTTACCATTTACAGTGGAACATGATTCAACTGCGGTATCTGAGGAATTAAGATTAAAGTATCGTTATGTTGATTTGAGAAGAGACAAAGTTCAAAGTAATATCAGATTAAGATCAAAGGTAGCAATGGCAGCAAGAAACTATTTAATCAATCAACAATTCATTGAAGTTGAAACACCAACACTCTTTAGACCAACACCAGAGGGTGCAAGAGAGTATTTGGTGCCAACCAGACACCAAGGCCAATTCTACAGCTTGCCACAGTCACCCCAACAATATAAACAGTTACTTATGGTAGGTGGTATTGACAGATATTTCCAATTGGCACGTTGTTATCGTGATGAAGATTTACGTTCAGATAGACAACCTGAATTCACTCAAATCGATATGGAACTTTCATTTGTAAATACTCAAATGATTTATCGTATCATTGAAGGATTGGTTAAAACACTTTGGAAAGAGGCTGGTTTCAACATTGACTATGAGTTCCCATTCTACACCTATGAGCAAGTTCTATCAACCTATGGTATTGATAAGCCTGACACTCGTTATGACATGAAACTCGTCGATATTACAGACTGTTTCAATAAGGATGAAACTAATATTAATCTATTTAAAAATGCATTATCTCAAGCATCAAACAATTTCAAAGAATCTAAACCTGTCATTAAATGCATAAAATTAGATCAAGTTTTACCAACTTTAAAATCCAAACATCTTGATCAAATCACTACAGAATCAAATTCAATAATCACTGTACAAATTAAATCAAATAATGAATGGAAATCTTTAATTTCAAAGAGTATATCGGAACAAGAAAAGACTTTAATCACTGAAAGAATGAATTTAAAAGAAGGTGATGTTTTATTAATTAGTGTTGGTCCAAGATTCCAAGTTGAATCAACACTTGGTAAAACTAGAATTTATTGTGCAAATCTATTAAAAGAGTTGAATTTATTAAAATTAGATCCACAACAATTCAATTTCTTGTGGGTTGTAGATTTCCCATTATTCACTCCATCAGATTACATGAATGAACAATCAGCACTATTATCAACCCATCATCCATTCACAGCTCCTCATCCAGAGGATATTGATCTATTGTTAAATCCATTATCAACTCCATCTGATTATTCAAAGATTAGAGGCCAACATTATGATATCGTTATAAATGGTGTTGAATTGGGTGGTGGCTCAATTCGTATTCATAACTCTGATGTACAATTACGTGTTTTAGAAAAAGTATTAAAATTGGAACCACACATGGTCCAACGTTTCAATCATCTTTTAACTGCACTTTCAATGGGTTGTCCACCACATGGTGGTATTGCTTTAGGTTTTGATCGTTTATGTTCACTATTAGTAAATTCAAATTCAATTCGTGATGTTATTGCTTTTCCAAAAACTTCTGGTGGTAAAGAATTAATGACTTCTTCACCTGCTACTGTTACAAAATCTGAATTAGATGAATTATTTTTAATTCAAAAATAA	class2	TRUE
Aspartyl	Eukaryota	Apicomplexa	Plasmodium_knowlesi_strain_H	NC_011903.2	aspartate--tRNA ligase, putative [Plasmodium knowlesi strain H]	450313	452199	FALSE	ATGCAAAAGTATTGCTTCTCTCTTCTGAGGAAATTCTACCGAGTGCAAAAGTACGTATCGGCAAAGGAGGGTCGTTCCACACCCGCTGGAATAGCTAGAATTCGAACTAAAAATCGACAAAGTTTAACTTTCTGTAAAAGCATAATGGAAGGGGGAACAAAAGAGATGAACGATAAGGAGGGGAACCACGTGGTGAACGCAGCTGACGAAGTGAGTGATAAGAAAAAGGAGAAAAAAGCAAAAAAATTAGCAGAGAAAGAGAAGAAGCTAGCCAAGAAGGCAGAAAGGGAGAACCTAAAAAATGAAGCAACCAAAATTTTGGAGCACGTCTGTGAGGATATAGAAAAGGACAACTATGGATTTGTTAAAGTTAGCAAAATAAAGGAAAATAAAGACGACATAAAGTTGCTGAATTTGGAAGAAATATACTACACATTGATGAAGGTAGCAGGAAATGCGACTGTAGATAATGGAAAAAGGGAAGACACATCTACCCCCTCTGTAGTAGCGGAGTCCGGTAAGGAGCATCTACTCCAAGGTGATATCTGGGTTAGAGGGAGAATCCATGATATCAGGAGCAAAGGCTCGTTAGCCTTCATAATTTTGAGACAAAAGCTGTACTCCATGCAGTGTATACTAGACATAAAAAATAACGACAACGACAAGAACATGATGAAGTGGGTAAGCAACCTTCCACTGGAGTCCATCGTAGATATATATGGAAAATTAACAAAGCCAGAAGTACCAATCGATAGCACCAATATAAAGTATGAAGTACACATAAAAAAAATATTTTGCATAAGCAAGACGACAAAGGAGTTGCCGTTTTTGTTGAAGGACGCAAATATGAAAGAAACAAATGAGGAAGGAAGTATTAAAGTTAATCAAGACAATCGGTTAAACAACAGATGTATCGACTTGAGGACTTATGCAAATTATAGTATCTTCTGTCTGCAGTCACAAATCTGCACCCTTTTTAAGAATTTTTTACTAAAAAATAATTTCATCGAAATACATACTCCTAAATTGCTAGGCGAAAGCAGTGAAGGAGGAGCCAACGCTTTTCAAATTAACTATTTCAATCAGAAAGGTTTCCTTGCACAATCCCCTCAACTGTACAAACAAATGTGTATTAACTCCGGATTTGATAGGGTATTTGAGGTGGCCCCAGTTTTTCGAGCGGAAAATAGTAACACCTATAGACACCTCTGTGAATACGTATCCTTAGACATAGAAATGACCTACAAATATGACTTTTTGGAAAACGTCTTTTTCTACGATTCATTATTTAAACATATTTTCACTGAGTTAACAAAAGGTGAGAAGAGCGAAATGCTTATTAAGACTGTAAAGGGCCAATACCCATGTGAAGATTTTCAATGGCTAGAGGTGACTCCAATTTTTACTTACGAAGAAGCTATAAAAATGCTAATACAACATAATAAACTCGATTTGAAAGACGAAGATATTTTATCCTACGATATGTCCACTGACATGGAAAAGGAATTAGGAAAAATTGTTAAAGCCTCTCATCATACCGATTACTACATCATAATTAACTTCCCGTCAGCGTTGAGACCTTTTTATACTATGTACAAGGAAGACAATCCAGCCATCTCCAATTCGTATGATTTTTTTATGAGGGGGGAGGAGATTTTGTCTGGGTCGCAACGAATTAGCGATGTAAATCTATTGCTGGAAAATATCAAGCGCTTTAACTTGGACGCGAGCAAATTAAATTTTTACATCGACTCATTTGCCTACTCGTCCTACCCACACTCTGGCTGCGGCATTGGCCTCGAGCGCGTCCTCATGCTCTTCCTGGGTTTGAACAATATCCGCAAGACGTCGCTCTTCCCGCGGGACCCGAAGCGACTCATCCCATGA	class2	TRUE
Aspartyl	Eukaryota	Rhodophyta	Cyanidioschyzon_merolae_strain_10D	NC_010136.1	aspartate--tRNA ligase, cytoplasmic [Cyanidioschyzon merolae strain 10D]	593476	595167	FALSE	ATGGACGTTTCAGCTATCGCAGAATCTGTACGTCGGAAACTGGATGAGCGGATCCCTCGTACAGAATGGACGGAAGAGGAGCGCACCTGGTACAAAGAAGATAAGAAACGGCGAAAGGAGGCGGAGGCAGCCCTGAAAAAGCACGTCGATCTCGAGGGAAACGTTCCGTCGCCCAGTGAAGAAGCGGTTCTCTCTGCGCAGCTAGAGTCCCTGAAAATGGACGCTGACGCGCCCGCGTTTGGCCGCTATACGTTAAAGGCGCTGACGACGAGCTCTTGTGGCGATGACTCTGTGCGACGCACCTGGGTAGAGGCTGGAACGCTGGGTGTCGCACATCCGGCGTGTGCCACGAACCAGGAGGTCTGGTTGAGGGGACGTGTTCAGACCGTGCGCGCCCAGGGCTCCAAGGTGGCCTTCTTGGTGCTTCGTCACCAGTACGCCACTGTGCAAGTAGTTCTCGTGGCTGACTCAGTACCATCCGTAACCCGTGACATGGTTCGCTGGCTGGCACGCTCCGGGGAAGTGACCCCCGAAAGCGTTGTGGATATCTGCGGCATCTTGGTGCCTGCACAGGTCAAGTCGTGCACACAGAACGATGTCGAAGTTCACGCCCGACGCATTTATCTAGTGAGCCGGGCGCGAGTCCCGCTTCCGTTTGAAATCGCTGACGCTAGCAGGAGGGCGGATGAAGATGGCCCCCATGTACACCGGGACACTCGACTAGACCACCGTTTTATGGATTTGCGAGTTCCAGCGCACCAGGCGATTTTGCGTTTGCAGTCCGGAGTTTCGACGCTATTTCGTGAATGGCTCGTTGCACATGGATTTACGGAAATCCATACGCCCAAAATCATCGGTGGATCCAGCGAGGGTGGCGCAGAGGTATTCCGTCTACGCTACTTCGACGAAAATGCGTGTCTATCGCAATCGCCCCAGCTGTACAAGCAAATGGCGATTTGCGGAGACATGCGTCGAGTATTCGAAGTAGGGCCAGTCTTTCGAGCGGAGAACTCAAATACTTACCGCCACCTTACCGAATTTGTAGGTCTTGATATTGAAATGGAGATCCAGGAAAGCTATCACGAGATCCTGGACGTCCTCGAACAACTCTTTCAGCACATTTTCGAAGGTCTGGAGCAGCGCTTTGGGGCGGAGCTTTCTAGCATCCAGCGCCAATATCCGTTTCAACCGCTCCGTTATAAGCGAGGTCGCGGTCTCCGCTTAACCCATCGCCAGGCAGTGGACCTGTTACGTGAGCACGGCGAGCAAGTCGACGATCTGGTCGACTTTACCAGCGAGCAGGAAAAGGCACTCGGCGAAATCGTGAGCAAGGAGTTTCAAACGGACTTTTATGTGATTGACCGGTTCCCCGCAAAGTGCCGTCCTTTTTATACAATGCCTTCGCCCGACGACTCGCGGTACAGCAACGCTTTCGATGTTTTCATGCGGGGCGAGGAAATCGTCTCGGGTGCACAGCGTATCCATGACGTCGACCTGCTCCGACAACGCATCACCGAGAAAGGCCTCGACCCCGCCACCTTGCAGAGCTACGTTGAAGCTTTTCAGTATGGAGTTTTTCCCCATGGCGGTGCTGGTATCGGTCTAGAAAGGGTGGTCATGCTGTACCTAGGAATCGGAAACATTCGAGAGTGTTCGATGTTTCCTCGTGATCCGAAGCGCCTCTATCCTTGA	class2	TRUE
Aspartyl	Eukaryota	Basidiomycota	Cryptococcus_gattii_WM276	NC_014944.1	Aspartate--tRNA ligase, putative [Cryptococcus gattii WM276]	1227428	1230130	TRUE	ATGTCCTCTACAGACACAACAACAAATCCTATCATTAAACTTGGTCGCGTTCTCAAACCTTCAAATTCCAAAAGTGAGGACAGACCTGAGCTTGCTCGTTCTTCGACCCATGAAAAGGAGGCAAGACATGCTGCCGAGAAGCAACGTGAACAGGCAAGGCAGGAAGCTAAGAAGGAAATGATAGAGCATGAAAAGCATGAGATACAGCGTCGGCGTCAGATTGCTGATGAGAAAGCTCAACTAGAAGAAGATCCTGAGACTCGGGCAAGCTATGGTGACCTCAATGAGTTGGAGGAGATCACACCGTTTGAAGAAGTGATTGACATGCCTGCTGGAACAAAGGTTAACGTCCGAAGTCGTATCCACCAGCAACGGGACCTCTCTTCCCGCCTCAACTTTATTCTTCTTCGTCAACGAGGATTTGTCATTCAAGGTGTCCTTTCTGAGCACGCTTCGGAGCACATGATCAAGTGGGTCCAACACCTCCCCCATGAGGCCATTGTTCAAGTCTCCGGTACCCTTCGCGAACCCCCCAAACCCATCACAGCTGCCGTCGACACTCCTTTAGAACTCGACATTGAGCGTCTATACCTCGTGGAGACTTCTCACGATATCCCATTCAATCTCGCGCACGGTGACCGACCTCCTCAGAGCACTCGTCTTCGTAATCGTACTCTTGACTTGCGACACCCGACCACCCAAGCGATCTTCAAAATTCGTGCAAAGGTGTTAAAGGTCTTCAGGGATACTCTCGATGATTTGGGCTTTTTGGAAATCAACACGCCTAAGCTACAACCTTCGGCGACAGAGAGTGGTGCAGAGGTGTTTCGGGTGAACTATTTTGGGCGAAAAGCCTTCCTGGCTCAGAGTCCTCAGCTGATGAAACAGATGGCAATTTCGGCTGACTTCCGTCGTGTTTACGAGGCATGCCTTTCCATTTTGATCTTAGTACAATGCTGACACTTATCTCAGATAGGACCTGTTTTCCGTGCAGAGAACAGCAACACTCACCGACACCTTACCGAGTACACCGGTTTGGATATTGAGATGACTATCCAACAAGAGTACTATGAAGTCTTCCGAGTCCTCGATATTATTCTTCGTAACATCTTCAAGGCCATCAAAGGCATGAAGCTTGAGCTTGATCGGGTCCGAGAGTTCTTCCCCAGCGATGACTTCCAGCTTCCGGAAGAGACACCTATCATTCCCTTCCATGAGGCCGTGCAAATGTTGCGTGACGACGGTCGAGATGTTGAAGAAGAAGATTTCTCTACGCCTGACGAGATTCGTCTTGGTGAACTAATCAAGGAGAAGCTCGGTACCGATTACTATGTTATTGACAAGTTCCCTGTGTCTGCCCGACCATTCTACACTGCCAACGACGGGAAAATCACCAACTCCTTTGACATGTTCATCCGAGGCCAAGAAATCTGCACCGGGGGTCAGCGTATTAATGACCCCAAGAAGCTTCGTGAGAGCATGGAGGAGTCGGGTATCAATGAAGACGAGATGGCAGAGTATCTCCAGGCGTTCGACTGGGGTATGCCTCCACATGGCGGTGCGGGCCTTGGTGTTGAGCGTATCGTTACCTTCTTCCTCAACTTGCCAGACGTGCGATTGTCTACCCTGTGGCACCGCGATCCCCACTCTTTGCCCACCAAACCCCCTAGTCTTCCACATGGCGATGCAGACACTCTTAAAAAGATTGATCCTAACGACCCTCCTCCTGTCGAGAATCTCATTGCCAATTATGGTGATGCCACCAATACTTCATGGCTTGACGACCGGTTCGACATTTGGCGAGACCGTGAGACTGGTGCCGCAATTGGCTACTCTACTAAGAACAACAAGTTCTGCATGATCACTGGTGACCCCTTATGCGACGATGGCCAGAAGAAGCAGGTGACAAGGAGGTTCCTCGACTTTGTTAGGGGTGAAGTCAAGATGAAACCCGTGTGGTTATTGGTCTCTGAGATGATGATGGAGATTTTGGTATATGAGTTTAGGTGGCGAGCGTTGAGTTGTACTCAGGAGCAGCGAAGTGATTCCGACAAGGCAGACCCTAGCGTCGTCCAAATCGCTGCGCAGAAGAAGGGAGTGTTCAAGGTCAGAGAGGTAGAGGCCACAGAGGAAATTCAGAAGAAGTGTGATGCGCGGATCAAAGAGTGGAGCGAAGGGAGAGATCGCAAGGGCAAGCAGATACATCTTACAGAGGTCGCCCCTTGGAAAGATACCGAGCACAGGCGGTACTTTATTGCCCAATCTGACCACAACGCAAATGAAAAGGCCGAGAATAACGAGTCCGGGAGCAAGAAGGGTGAGCAAACCATCGACACCCTTGTCGTTCTTGCTCGTCTTGCGCCTTCAAAGGGATACCAGCTTAAGTGGGCTCTCGATTTCCCCGGTTCTCCACACGACGCTATCGAGTCCACCGTCCAAGCTGCTTTGTCTGCCGTTCCAGGTGAACCTGTTACTTTTGGTACTGCAGTATCTGAAAGTTTAGTGACCAAGCACGGTATTGGAGGTCTCCGAGCGACCTTCATGGAGAGGACTTATAGGAGTATTGTTAAGAGTTTGTCGTTGGACAAGAAGGCAGGATTTAGGGAGAAGTTTGGTGTAAGCGGCGATCTCACCTATATCTGTTACCCGAAGGGAGGTGTGAAGTTGTACGAGTTGAAAGACATTGTCAAATTTTTCGAGTAG	class2	TRUE
